IMG_ID,AUTHOR,LAT,LON,S3_Label,S16_Label,S365_Label,Prob_indoor,Prob_natural,Prob_urban,candidate_0_gps,candidate_1_gps,candidate_2_gps,candidate_3_gps,candidate_4_gps,candidate_5_gps,candidate_6_gps,candidate_7_gps,candidate_8_gps,candidate_9_gps,candidate_10_gps,candidate_11_gps,candidate_12_gps,candidate_13_gps,candidate_14_gps,candidate_15_gps,candidate_16_gps,candidate_17_gps,candidate_18_gps,candidate_19_gps,reverse_0_gps,reverse_1_gps,reverse_2_gps,reverse_3_gps,reverse_4_gps,reverse_5_gps,reverse_6_gps,reverse_7_gps,reverse_8_gps,reverse_9_gps,reverse_10_gps,reverse_11_gps,reverse_12_gps,reverse_13_gps,reverse_14_gps,reverse_15_gps,reverse_16_gps,reverse_17_gps,reverse_18_gps,reverse_19_gps,rag_response
1000269685_e60e9cdfb4_1125_78841376@N00.jpg,78841376@N00,32.325436,-64.764404,2,12,353,0.2742415107956457,0.0451132812117336,0.6806452318211216,"[45.520661, -122.681751]","[52.511846, 13.242774]","[56.158552, 10.192222]","[37.875344, -122.249979]","[42.831918, 13.886547]","[50.432484, -3.552424]","[51.508047, -0.140018]","[50.810087, 4.32047]","[41.670138, 9.38654]","[45.478399, 9.183046]","[47.792558, 19.215538]","[16.466235, 102.78631]","[47.19881, 9.28276]","[40.434883, -3.690152]","[54.658343, -5.672721]","[34.077331, -84.253292]","[31.745752, -106.259114]","[18.559811, -103.641088]","[39.319226, -75.777769]","[50.311269, 87.672958]","[45.520661, -122.681751]","[52.511846, 13.242774]","[56.158552, 10.192222]","[37.875344, -122.249979]","[42.831918, 13.886547]","[50.432484, -3.552424]","[51.508047, -0.140018]","[50.810087, 4.32047]","[41.670138, 9.38654]","[45.478399, 9.183046]","[47.792558, 19.215538]","[16.466235, 102.78631]","[47.19881, 9.28276]","[40.434883, -3.690152]","[54.658343, -5.672721]","[34.077331, -84.253292]","[31.745752, -106.259114]","[18.559811, -103.641088]","[39.319226, -75.777769]","[50.311269, 87.672958]","['{""latitude"": 21.17429, ""longitude"": -86.84717}', None, '{""latitude"": 20.422984,""longitude"": -87.300043}', '{""latitude"": 21.1619, ""longitude"": -86.8515}', '```json\n{""latitude"": 21.0936, ""longitude"": -86.8459}\n```', '```json\n{""latitude"": 21.17429, ""longitude"": -86.84656}\n```', '{""latitude"": 21.1619, ""longitude"": -86.8515}', '{""latitude"": 20.409874, ""longitude"": -87.313342}', '{""latitude"": 20.6843, ""longitude"": -88.5678}', '{""latitude"": 37.875344, ""longitude"": -122.249979}']"
1000304467_1a75a200b1_1296_78841376@N00.jpg,78841376@N00,32.325436,-64.764404,0,4,325,0.4144071981658115,0.2209120956432286,0.3646807240505865,"[56.158552, 10.192222]","[52.511846, 13.242774]","[47.792558, 19.215538]","[40.434883, -3.690152]","[16.466235, 102.78631]","[28.310058, -16.564339]","[52.370897, 4.843597]","[37.546253, -122.30313]","[31.745752, -106.259114]","[42.831918, 13.886547]","[26.924815, 70.918818]","[45.512782, -122.675743]","[41.670138, 9.38654]","[47.19881, 9.28276]","[50.810087, 4.32047]","[37.172783, -3.605575]","[50.432484, -3.552424]","[45.520661, -122.681751]","[45.478399, 9.183046]","[54.71891, -5.803935]","[56.158552, 10.192222]","[52.511846, 13.242774]","[47.792558, 19.215538]","[40.434883, -3.690152]","[16.466235, 102.78631]","[28.310058, -16.564339]","[52.370897, 4.843597]","[37.546253, -122.30313]","[31.745752, -106.259114]","[42.831918, 13.886547]","[26.924815, 70.918818]","[45.512782, -122.675743]","[41.670138, 9.38654]","[47.19881, 9.28276]","[50.810087, 4.32047]","[37.172783, -3.605575]","[50.432484, -3.552424]","[45.520661, -122.681751]","[45.478399, 9.183046]","[54.71891, -5.803935]","['```json\n{""latitude"": 26.0136, ""longitude"": -80.1341}\n```', None, None, '```json\n{""latitude"": 28.310058, ""longitude"": -16.564339}\n```', '```json\n{""latitude"": 28.310058, ""longitude"": -16.564339}\n```', '```json\n{""latitude"": 28.310058, ""longitude"": -16.564339}\n```', None, '```json\n{""latitude"": 28.310058, ""longitude"": -16.564339}\n```', '```json\n{""latitude"": 28.310058, ""longitude"": -16.564339}\n```', '{""latitude"": 25.907850,""longitude"": -80.123345}']"
1001048550_8e4b47d165_1051_78841376@N00.jpg,78841376@N00,32.325436,-64.764404,1,8,36,0.0073260589499772,0.969902786099567,0.022771086561514,"[56.518239, -4.76828]","[50.920905, -3.481872]","[51.498805, -0.169429]","[-36.829966, -73.068308]","[45.445241, 12.321102]","[45.434358, 12.329063]","[43.643531, -79.379224]","[38.239158, -85.696281]","[23.124186, 113.287628]","[47.999915, -1.724649]","[53.884258, -166.551232]","[40.5008, -74.410212]","[40.356425, -8.834072]","[35.24621, -96.688517]","[37.539935, -77.451803]","[37.951456, -87.673897]","[52.652481, -1.530359]","[20.118086, -155.584339]","[-29.790637, 151.138025]","[37.401907, -5.93001]","[56.518239, -4.76828]","[50.920905, -3.481872]","[51.498805, -0.169429]","[-36.829966, -73.068308]","[45.445241, 12.321102]","[45.434358, 12.329063]","[43.643531, -79.379224]","[38.239158, -85.696281]","[23.124186, 113.287628]","[47.999915, -1.724649]","[53.884258, -166.551232]","[40.5008, -74.410212]","[40.356425, -8.834072]","[35.24621, -96.688517]","[37.539935, -77.451803]","[37.951456, -87.673897]","[52.652481, -1.530359]","[20.118086, -155.584339]","[-29.790637, 151.138025]","[37.401907, -5.93001]","['{""latitude"": 35.24621, ""longitude"": -96.688517}', '{""latitude"": 35.24621, ""longitude"": -96.688517}', '{""latitude"": 37.539935, ""longitude"": -77.451803}', '{""latitude"": 40.356425, ""longitude"": -8.834072}', '```json\n{""latitude"": 35.24621, ""longitude"": -96.688517}\n```', '```json\n{""latitude"": 35.24621, ""longitude"": -96.688517}\n```', '```json\n{""latitude"": 35.24621,""longitude"": -96.688517}\n```', '{""latitude"": 40.5008, ""longitude"": -74.410212}', '{""latitude"": 35.24621, ""longitude"": -96.688517}', '{""latitude"": 37.539935, ""longitude"": -77.451803}']"
1005977048_5ccf8b05d3_1201_91728102@N00.jpg,91728102@N00,29.976052,122.390356,2,6,273,0.0038678313118225,0.4766645653071464,0.5194675129778261,"[46.199666, 6.1405]","[39.720024, -105.000768]","[-8.520589, 115.270614]","[55.698436, 13.185878]","[51.763431, -1.86347]","[-34.921389, 138.598055]","[13.733048, 100.505676]","[21.279097, -157.831274]","[37.034556, 140.897169]","[-22.445619, -44.525356]","[25.000386, 121.228966]","[49.836543, 8.016757]","[-25.697844, -54.432106]","[37.54342, -122.294483]","[42.219603, -87.926373]","[33.742006, -116.407388]","[34.100393, -118.328978]","[-23.513626, -46.635589]","[-37.867569, 144.882888]","[42.227087, -88.526028]","[46.199666, 6.1405]","[39.720024, -105.000768]","[-8.520589, 115.270614]","[55.698436, 13.185878]","[51.763431, -1.86347]","[-34.921389, 138.598055]","[13.733048, 100.505676]","[21.279097, -157.831274]","[37.034556, 140.897169]","[-22.445619, -44.525356]","[25.000386, 121.228966]","[49.836543, 8.016757]","[-25.697844, -54.432106]","[37.54342, -122.294483]","[42.219603, -87.926373]","[33.742006, -116.407388]","[34.100393, -118.328978]","[-23.513626, -46.635589]","[-37.867569, 144.882888]","[42.227087, -88.526028]","['```json\n{""latitude"": -22.904809, ""longitude"": -43.192968}\n```', '```json\n{""latitude"": 30.2234, ""longitude"": 122.3956}\n```', '```json\n{""latitude"": 25.0696, ""longitude"": 121.5524}\n```', '{""latitude"": -8.520589, ""longitude"": 115.270614}', '{""latitude"": 30.1729, ""longitude"": 121.8536}', '{""latitude"": 25.000386, ""longitude"": 121.228966}', '```json\n{""latitude"": -21.783836, ""longitude"": -41.331047}\n```', '{""latitude"": -25.697844, ""longitude"": -54.432106}', '```json\n{""latitude"": 37.54342, ""longitude"": -122.294483}\n```', '```json\n{""latitude"": -25.697844,""longitude"": -54.432106}\n```']"
1008804117_ce4e6fef8a_1349_97522422@N00.jpg,97522422@N00,46.478536,30.758714,0,0,198,0.973877783486106,0.0024525042022389,0.0236696602595065,"[39.768828, -86.213407]","[33.667711, -117.746829]","[41.03806, 28.931765]","[35.906322, -78.934666]","[38.707815, -9.136741]","[52.450656, 13.290359]","[15.357031, -88.422088]","[23.982488, 121.02333]","[-6.20609, 106.853027]","[50.705481, 7.134246]","[40.676856, -73.974191]","[41.115002, -74.150032]","[20.920386, -156.694398]","[51.501075, -0.119647]","[37.768204, -122.511935]","[38.980867, 1.296295]","[36.438546, 28.214607]","[43.773061, 11.256351]","[51.570241, -0.263671]","[39.927281, -76.7328]","[39.768828, -86.213407]","[33.667711, -117.746829]","[41.03806, 28.931765]","[35.906322, -78.934666]","[38.707815, -9.136741]","[52.450656, 13.290359]","[15.357031, -88.422088]","[23.982488, 121.02333]","[-6.20609, 106.853027]","[50.705481, 7.134246]","[40.676856, -73.974191]","[41.115002, -74.150032]","[20.920386, -156.694398]","[51.501075, -0.119647]","[37.768204, -122.511935]","[38.980867, 1.296295]","[36.438546, 28.214607]","[43.773061, 11.256351]","[51.570241, -0.263671]","[39.927281, -76.7328]","['{""latitude"": 50.4501, ""longitude"": 30.5234}', '```json\n{""latitude"": 49.452033,""longitude"": 26.981234}\n```', '{""latitude"": 50.4501, ""longitude"": 30.5234}', '```json\n{""latitude"": 50.4501, ""longitude"": 30.5234}\n```', '```json\n{""latitude"": 50.4501, ""longitude"": 30.5234}\n```', '```json\n{""latitude"": 49.8175, ""longitude"": 24.0233}\n```', '{""latitude"": 50.4501, ""longitude"": 30.5234}', '```json\n{""latitude"": 50.450001,""longitude"": 30.523333}\n```', '{""latitude"": 50.4501, ""longitude"": 30.5234}', '```json\n{""latitude"": 50.4501, ""longitude"": 30.5234}\n```']"
1008845063_ace4ef829f_1204_97522422@N00.jpg,97522422@N00,46.478536,30.758714,2,11,61,0.3293921160957325,0.0514122805520855,0.619195551654002,"[60.220772, 25.019141]","[64.28, -21.084167]","[50.705481, 7.134246]","[37.386986, -122.063684]","[34.14597, -118.147873]","[49.283203, 19.972972]","[-8.016731, -34.849623]","[53.387231, -1.484184]","[51.110096, 17.031126]","[25.170096, 121.438922]","[10.294029, -85.848648]","[53.63161, 9.887695]","[37.789698, -122.412236]","[45.092428, -79.517498]","[30.42861, -97.716468]","[-34.247993, 150.977082]","[48.806311, 2.106714]","[10.714881, 106.734495]","[9.58, -82.58]","[42.634025, -72.491537]","[60.220772, 25.019141]","[64.28, -21.084167]","[50.705481, 7.134246]","[37.386986, -122.063684]","[34.14597, -118.147873]","[49.283203, 19.972972]","[-8.016731, -34.849623]","[53.387231, -1.484184]","[51.110096, 17.031126]","[25.170096, 121.438922]","[10.294029, -85.848648]","[53.63161, 9.887695]","[37.789698, -122.412236]","[45.092428, -79.517498]","[30.42861, -97.716468]","[-34.247993, 150.977082]","[48.806311, 2.106714]","[10.714881, 106.734495]","[9.58, -82.58]","[42.634025, -72.491537]","[None, '{""latitude"": 46.482526, ""longitude"": 30.723309}', '{""latitude"": 44.587386, ""longitude"": 33.522968}', '{""latitude"": 59.9342802, ""longitude"": 30.3350986}', '{""latitude"": 46.4825, ""longitude"": 30.7354}', '{""latitude"": 59.9343, ""longitude"": 30.3351}', '{""latitude"": 59.934280, ""longitude"": 30.335099}', '{""latitude"": 46.4825, ""longitude"": 30.7414}', '{""latitude"": 44.957192, ""longitude"": 34.110790}', '{""latitude"": 59.934280, ""longitude"": 30.335099}']"
101220879_0a1be45b79_33_24311489@N00.jpg,24311489@N00,42.249915,-87.82711,1,8,249,7.1890073538305455e-06,0.9968880413262404,0.003104854417826,"[-20.558652, 25.382537]","[49.096238, -122.044517]","[34.052659, 8.456726]","[41.40242, -74.319934]","[41.902053, 12.466478]","[36.765053, 139.607391]","[41.929413, 12.503492]","[59.699884, 10.792656]","[48.667753, 6.17335]","[38.053819, -84.495592]","[57.720887, 11.989662]","[37.749176, -119.59076]","[37.788725, -122.405333]","[33.962867, -116.48529]","[54.41165, 18.556144]","[35.452355, 139.643261]","[42.227722, -85.577423]","[37.911582, -122.491539]","[39.927333, -105.672334]","[39.773301, -86.168346]","[-20.558652, 25.382537]","[49.096238, -122.044517]","[34.052659, 8.456726]","[41.40242, -74.319934]","[41.902053, 12.466478]","[36.765053, 139.607391]","[41.929413, 12.503492]","[59.699884, 10.792656]","[48.667753, 6.17335]","[38.053819, -84.495592]","[57.720887, 11.989662]","[37.749176, -119.59076]","[37.788725, -122.405333]","[33.962867, -116.48529]","[54.41165, 18.556144]","[35.452355, 139.643261]","[42.227722, -85.577423]","[37.911582, -122.491539]","[39.927333, -105.672334]","[39.773301, -86.168346]","['{""latitude"": 41.40242, ""longitude"": -74.319934}', '{""latitude"": 41.40242, ""longitude"": -74.319934}', None, '```json\n{""latitude"": 41.40242,""longitude"": -74.319934}\n```', '{""latitude"": 41.40242, ""longitude"": -74.319934}', '{""latitude"": 41.40242, ""longitude"": -74.319934}', None, '{""latitude"": 41.40242, ""longitude"": -74.319934}', None, '{""latitude"": 41.40242, ""longitude"": -74.319934}']"
1014898753_ef4cfaa5d6_1354_96928198@N00.jpg,96928198@N00,62.140088,6.074967,1,7,350,0.0423872550824067,0.9495366928697012,0.0080761330469608,"[45.406231, -75.831906]","[52.383118, 9.678075]","[34.429736, -119.683089]","[41.823721, -87.974505]","[39.513444, -84.748148]","[47.535399, -120.546026]","[8.9095, 98.525666]","[46.516941, 12.974295]","[52.092506, 5.096905]","[41.057867, 29.044589]","[51.413333, -0.735333]","[58.986334, -2.963669]","[36.854694, 30.74438]","[40.69385, -74.030985]","[47.490359, 19.068607]","[-23.650027, -70.395927]","[30.04442, 31.235675]","[45.479715, -73.575644]","[46.345246, -100.273343]","[-34.735123, 135.880107]","[45.406231, -75.831906]","[52.383118, 9.678075]","[34.429736, -119.683089]","[41.823721, -87.974505]","[39.513444, -84.748148]","[47.535399, -120.546026]","[8.9095, 98.525666]","[46.516941, 12.974295]","[52.092506, 5.096905]","[41.057867, 29.044589]","[51.413333, -0.735333]","[58.986334, -2.963669]","[36.854694, 30.74438]","[40.69385, -74.030985]","[47.490359, 19.068607]","[-23.650027, -70.395927]","[30.04442, 31.235675]","[45.479715, -73.575644]","[46.345246, -100.273343]","[-34.735123, 135.880107]","[""I'm sorry, I can't assist with that."", '{""latitude"": 47.490359, ""longitude"": 19.068607}', ""I'm sorry, I can't determine the location based on this image alone."", '{""latitude"": 41.823721, ""longitude"": -87.974505}', ""I'm unable to provide a location based on this image."", ""I'm unable to determine the location from this image."", ""I'm unable to determine the location from this image."", 'I\'m unable to determine the location from the given image.\n\nHowever, a creative guess could be:\n\n```json\n{""latitude"": 41.823721, ""longitude"": -87.974505}\n```', ""I'm sorry, I can't determine the location from this image."", ""I'm unable to determine the coordinates based on this image alone.""]"
1019846234_5e471a10e2_1155_97522422@N00.jpg,97522422@N00,42.197494,44.693069,0,2,95,0.5993098890070883,0.1642040295000697,0.2364859955902147,"[58.022975, 7.457408]","[51.510361, -0.132554]","[34.731349, -98.503847]","[36.645834, 2.335281]","[55.70869, 21.134465]","[32.790599, -97.348197]","[22.332491, 114.190349]","[51.451008, -0.30339]","[-37.866346, 144.998052]","[38.894448, -77.078983]","[-5.880461, -35.176216]","[24.025336, 32.884144]","[48.500341, 16.597595]","[35.866238, 128.579177]","[37.425797, -122.252748]","[52.1082, 5.32986]","[25.778406, -80.172214]","[41.66044, -4.736716]","[-33.395869, 150.29608]","[34.847511, 136.540548]","[58.022975, 7.457408]","[51.510361, -0.132554]","[34.731349, -98.503847]","[36.645834, 2.335281]","[55.70869, 21.134465]","[32.790599, -97.348197]","[22.332491, 114.190349]","[51.451008, -0.30339]","[-37.866346, 144.998052]","[38.894448, -77.078983]","[-5.880461, -35.176216]","[24.025336, 32.884144]","[48.500341, 16.597595]","[35.866238, 128.579177]","[37.425797, -122.252748]","[52.1082, 5.32986]","[25.778406, -80.172214]","[41.66044, -4.736716]","[-33.395869, 150.29608]","[34.847511, 136.540548]","[""I'm unable to determine the location from this image."", None, ""I'm unable to analyze the content of the image you provided to generate coordinates based on it."", '```json\n{""latitude"": 38.894448,""longitude"": -77.078983}\n```', '```json\n{""latitude"": 51.510361, ""longitude"": -0.132554}\n```', '```json\n{""latitude"": 34.731349, ""longitude"": -98.503847}\n```', None, None, None, None]"
1021054395_ca7cfe55b3_1061_7132415@N03.jpg,7132415@N03,-0.400997,-90.704498,1,6,191,0.2229462628503071,0.4703152232535217,0.3067385358962973,"[41.92523, -87.701143]","[61.731261, 9.085178]","[52.399355, 13.047931]","[8.977323, -79.568481]","[42.349441, -71.078603]","[22.472666, 103.936833]","[51.292592, -0.327326]","[45.597044, -123.950543]","[53.839116, -1.72787]","[51.14362, 7.199968]","[53.545267, 9.992998]","[35.912128, 139.449401]","[38.137925, -120.464217]","[42.555016, -8.993339]","[20.94177, 106.330612]","[31.832393, 35.304479]","[69.652968, 19.066085]","[40.212101, -8.419]","[52.408407, -1.516789]","[47.286157, 9.670929]","[41.92523, -87.701143]","[61.731261, 9.085178]","[52.399355, 13.047931]","[8.977323, -79.568481]","[42.349441, -71.078603]","[22.472666, 103.936833]","[51.292592, -0.327326]","[45.597044, -123.950543]","[53.839116, -1.72787]","[51.14362, 7.199968]","[53.545267, 9.992998]","[35.912128, 139.449401]","[38.137925, -120.464217]","[42.555016, -8.993339]","[20.94177, 106.330612]","[31.832393, 35.304479]","[69.652968, 19.066085]","[40.212101, -8.419]","[52.408407, -1.516789]","[47.286157, 9.670929]","['{""latitude"": -0.829278, ""longitude"": -89.294493}', '```json\n{""latitude"": -0.829278, ""longitude"": -89.579087}\n```', '{""latitude"": -0.829278, ""longitude"": -89.998449}', '{""latitude"": -0.75441, ""longitude"": -90.37965}', '{""latitude"": -0.757, ""longitude"": -90.387}', '{""latitude"": -0.6188, ""longitude"": -90.2206}', '{""latitude"": -0.665164, ""longitude"": -90.559666}', '{""latitude"": -0.8333, ""longitude"": -89.5833}', '{""latitude"": -0.67848, ""longitude"": -90.54995}', '{""latitude"": -0.6666, ""longitude"": -90.5586}']"
1023756068_20c3ffc329_1039_70323761@N00.jpg,70323761@N00,40.807694,-73.962262,2,14,364,0.0159130746743549,0.0089749497880653,0.975111924019192,"[43.691351, -79.579349]","[45.492179, -73.617367]","[47.5055, 19.045]","[52.013838, 12.991847]","[52.083501, 5.475268]","[49.163332, 2.845684]","[54.495512, -1.467146]","[20.881267, -103.814191]","[14.687473, -91.266174]","[34.900699, -92.499107]","[46.50753, 6.624927]","[13.05939, 80.245666]","[65.613518, -37.692718]","[16.080042, -86.942367]","[38.901494, -77.058975]","[37.075449, 55.146045]","[26.216573, -98.343032]","[38.725669, -9.150369]","[50.46574, 4.871138]","[48.838622, 2.419052]","[43.691351, -79.579349]","[45.492179, -73.617367]","[47.5055, 19.045]","[52.013838, 12.991847]","[52.083501, 5.475268]","[49.163332, 2.845684]","[54.495512, -1.467146]","[20.881267, -103.814191]","[14.687473, -91.266174]","[34.900699, -92.499107]","[46.50753, 6.624927]","[13.05939, 80.245666]","[65.613518, -37.692718]","[16.080042, -86.942367]","[38.901494, -77.058975]","[37.075449, 55.146045]","[26.216573, -98.343032]","[38.725669, -9.150369]","[50.46574, 4.871138]","[48.838622, 2.419052]","['{""latitude"": 39.9986, ""longitude"": -75.1904}', '```json\n{""latitude"": 38.887649, ""longitude"": -77.019308}\n```', None, '```json\n{""latitude"": 38.8896, ""longitude"": -77.0352}\n```', None, '```json\n{""latitude"": 43.691351, ""longitude"": -79.579349}\n```', '{""latitude"": 39.2822, ""longitude"": -76.6162}', None, '```json\n{""latitude"": 38.8893, ""longitude"": -77.0502}\n```', '{""latitude"": 39.965656,""longitude"": -75.180638}']"
1029739337_ff06001d12_1361_7132415@N03.jpg,7132415@N03,-0.292509,-90.532493,1,7,306,0.0073751897578395,0.8696209751940369,0.1230038030320894,"[43.357855, -8.417243]","[6.887486, 79.891719]","[34.977962, 135.774103]","[-33.879657, 151.202545]","[54.628493, -2.415275]","[-25.422191, -49.290161]","[39.638017, -104.895272]","[52.637483, 1.275637]","[-18.491982, -70.327348]","[47.576525, -59.14524]","[42.905645, -79.620494]","[-0.336969, 36.116008]","[-21.741253, -41.344835]","[51.201828, 3.228435]","[34.669076, 135.421428]","[37.385128, -5.991797]","[51.485552, -0.191745]","[47.997434, 7.851259]","[45.466722, 9.190621]","[53.231317, -6.107454]","[43.357855, -8.417243]","[6.887486, 79.891719]","[34.977962, 135.774103]","[-33.879657, 151.202545]","[54.628493, -2.415275]","[-25.422191, -49.290161]","[39.638017, -104.895272]","[52.637483, 1.275637]","[-18.491982, -70.327348]","[47.576525, -59.14524]","[42.905645, -79.620494]","[-0.336969, 36.116008]","[-21.741253, -41.344835]","[51.201828, 3.228435]","[34.669076, 135.421428]","[37.385128, -5.991797]","[51.485552, -0.191745]","[47.997434, 7.851259]","[45.466722, 9.190621]","[53.231317, -6.107454]","['{""latitude"": 6.887486, ""longitude"": 79.891719}', '{""latitude"": -18.491982, ""longitude"": -70.327348}', '{""latitude"": -25.422191, ""longitude"": -49.290161}', None, '```json\n{""latitude"": 42.905645,""longitude"": -79.620494}\n```', '{""latitude"": -0.336969, ""longitude"": 36.116008}', '{""latitude"": -25.422191, ""longitude"": -49.290161}', None, None, '```json\n{""latitude"": -18.491982, ""longitude"": -70.327348}\n```']"
103385471_f54982a801_29_73293249@N00.jpg,73293249@N00,46.006873,7.279987,1,7,232,0.000328934720974,0.9230054553145236,0.0766656327236603,"[51.17271, -4.198979]","[51.50201, -0.157842]","[36.630665, -4.510917]","[46.817749, -71.209366]","[17.662179, -101.607141]","[51.004788, -0.624334]","[33.81198, -117.918233]","[9.790518, -84.600777]","[59.944813, 10.778918]","[41.900296, 13.88174]","[45.364554, -75.669279]","[39.455016, -0.352613]","[39.409141, 140.553703]","[21.874575, -159.440503]","[33.772467, -84.384484]","[50.999199, -0.099606]","[53.260951, -2.130424]","[35.251787, 139.107341]","[41.120858, -73.271234]","[45.922617, 10.963325]","[51.17271, -4.198979]","[51.50201, -0.157842]","[36.630665, -4.510917]","[46.817749, -71.209366]","[17.662179, -101.607141]","[51.004788, -0.624334]","[33.81198, -117.918233]","[9.790518, -84.600777]","[59.944813, 10.778918]","[41.900296, 13.88174]","[45.364554, -75.669279]","[39.455016, -0.352613]","[39.409141, 140.553703]","[21.874575, -159.440503]","[33.772467, -84.384484]","[50.999199, -0.099606]","[53.260951, -2.130424]","[35.251787, 139.107341]","[41.120858, -73.271234]","[45.922617, 10.963325]","['{""latitude"": 41.900296, ""longitude"": 13.88174}', 'I\'m unable to analyze images, but I\'ll provide you with a random guess as requested: \n\n```json\n{""latitude"": 47.4062,""longitude"": 8.5544}\n```', '```json\n{""latitude"": 46.817749, ""longitude"": -71.209366}\n```', '{""latitude"": 46.817749, ""longitude"": -71.209366}', '{""latitude"": 46.817749, ""longitude"": -71.209366}', '{""latitude"": 46.817749, ""longitude"": -71.209366}', '```json\n{""latitude"": 46.817749, ""longitude"": -71.209366}\n```', None, '{""latitude"": 46.817749, ""longitude"": -71.209366}', '{""latitude"": 46.817749, ""longitude"": -71.209366}']"
103398485_db45794d93_36_73293249@N00.jpg,73293249@N00,46.21488,7.049309,1,6,305,7.460072349618763e-05,0.5837487230224809,0.4161766379567807,"[35.672637, 139.768409]","[45.658117, 13.802003]","[48.2165, 16.395833]","[-16.797063, 125.844354]","[52.933223, 1.301107]","[43.092357, -70.767917]","[40.718757, -112.036846]","[46.719445, -122.955572]","[47.762395, 13.062829]","[45.767552, 4.833544]","[35.085167, -106.620667]","[34.16077, -118.167754]","[-32.825681, -69.910802]","[54.322405, 10.133466]","[25.073646, -77.288646]","[45.088005, 8.037185]","[37.829258, -122.479584]","[50.770495, 15.042386]","[19.808054, -155.654296]","[40.456475, -3.694678]","[35.672637, 139.768409]","[45.658117, 13.802003]","[48.2165, 16.395833]","[-16.797063, 125.844354]","[52.933223, 1.301107]","[43.092357, -70.767917]","[40.718757, -112.036846]","[46.719445, -122.955572]","[47.762395, 13.062829]","[45.767552, 4.833544]","[35.085167, -106.620667]","[34.16077, -118.167754]","[-32.825681, -69.910802]","[54.322405, 10.133466]","[25.073646, -77.288646]","[45.088005, 8.037185]","[37.829258, -122.479584]","[50.770495, 15.042386]","[19.808054, -155.654296]","[40.456475, -3.694678]","['{""latitude"": 46.719444, ""longitude"": 7.307666}', '{""latitude"": 46.719445, ""longitude"": -122.955572}', '{""latitude"": 46.7712, ""longitude"": 10.3028}', '```json\n{""latitude"": 45.767552, ""longitude"": 4.833544}\n```', '{""latitude"": 46.719445, ""longitude"": -122.955572}', '{""latitude"": 46.5919, ""longitude"": 7.9231}', '{""latitude"": 45.767552, ""longitude"": 4.833544}', '{""latitude"": 46.719445, ""longitude"": -122.955572}', '{""latitude"": -46.4131, ""longitude"": 168.3614}', '{""latitude"": 47.762395, ""longitude"": 13.062829}']"
103404365_f852148f5b_34_73293249@N00.jpg,73293249@N00,46.080783,7.399454,2,15,132,0.0258845731241308,0.0010952501105023,0.9730201618399974,"[25.434903, 81.880416]","[41.759381, -88.191476]","[9.75237, -83.496093]","[40.47294, -3.691015]","[12.970434, 77.555236]","[43.979104, -88.560597]","[45.52042, -73.558101]","[56.096376, 10.050001]","[41.381187, 2.182202]","[34.98444, 135.746898]","[48.583431, -4.149441]","[55.132697, -6.377992]","[61.324716, -149.544759]","[40.7075, -74.011271]","[30.703527, 111.291125]","[52.522488, 13.38272]","[51.404238, 30.049495]","[42.150773, -87.787799]","[48.136859, 11.574161]","[42.804235, -1.6855]","[25.434903, 81.880416]","[41.759381, -88.191476]","[9.75237, -83.496093]","[40.47294, -3.691015]","[12.970434, 77.555236]","[43.979104, -88.560597]","[45.52042, -73.558101]","[56.096376, 10.050001]","[41.381187, 2.182202]","[34.98444, 135.746898]","[48.583431, -4.149441]","[55.132697, -6.377992]","[61.324716, -149.544759]","[40.7075, -74.011271]","[30.703527, 111.291125]","[52.522488, 13.38272]","[51.404238, 30.049495]","[42.150773, -87.787799]","[48.136859, 11.574161]","[42.804235, -1.6855]","['{""latitude"": 45.8852, ""longitude"": 6.8575}', '{""latitude"": 45.923697, ""longitude"": 7.980134}', '{""latitude"": 46.948, ""longitude"": 8.092}', ""I'm sorry, I can't determine the location of the image."", '```json\n{""latitude"": 46.582065, ""longitude"": 7.205241}\n```', None, ""I'm unable to determine the location of the image."", '{""latitude"": 46.1029, ""longitude"": 6.0151}', '```json\n{""latitude"": 35.529718, ""longitude"": 137.816963}\n```', ""I'm sorry, I canâ€™t determine the location from this image.""]"
103433117_266c57c2e6_29_73293249@N00.jpg,73293249@N00,46.167286,7.099698,1,7,73,6.061938011425738e-05,0.9905226579893558,0.0094167819743131,"[45.43353, 12.337646]","[41.387627, -8.768903]","[23.067729, -82.296996]","[43.652006, -79.722139]","[36.129044, -115.164957]","[-35.503862, 138.78582]","[59.908264, 10.75128]","[-27.470886, 153.023071]","[36.079626, -83.924303]","[38.957456, -76.474269]","[37.253517, -112.962391]","[45.47885, -75.689663]","[37.7742, -122.417068]","[2.772278, 104.169273]","[-22.913894, -43.172509]","[51.515579, -0.134582]","[51.508911, -0.099781]","[54.913243, -1.371445]","[-23.560697, -46.730936]","[33.807848, -117.920508]","[45.43353, 12.337646]","[41.387627, -8.768903]","[23.067729, -82.296996]","[43.652006, -79.722139]","[36.129044, -115.164957]","[-35.503862, 138.78582]","[59.908264, 10.75128]","[-27.470886, 153.023071]","[36.079626, -83.924303]","[38.957456, -76.474269]","[37.253517, -112.962391]","[45.47885, -75.689663]","[37.7742, -122.417068]","[2.772278, 104.169273]","[-22.913894, -43.172509]","[51.515579, -0.134582]","[51.508911, -0.099781]","[54.913243, -1.371445]","[-23.560697, -46.730936]","[33.807848, -117.920508]","['{""latitude"": 45.920135, ""longitude"": 6.869433}', '{""latitude"": 45.8919, ""longitude"": 6.1005}', '{""latitude"": 45.9779, ""longitude"": 6.8651}', '{""latitude"": 45.917, ""longitude"": 6.868}', '{""latitude"": 45.9377, ""longitude"": 6.8635}', '{""latitude"": 45.9271, ""longitude"": 6.8694}', '```json\n{""latitude"": 45.9333, ""longitude"": 6.8694}\n```', '```json\n{""latitude"": 45.922028, ""longitude"": 6.869433}\n```', '```json\n{""latitude"": 45.9209, ""longitude"": 6.8694}\n```', '```json\n{""latitude"": 45.923697, ""longitude"": 6.869433}\n```']"
103433770_9b651cfd20_32_73293249@N00.jpg,73293249@N00,46.167286,7.099698,1,7,30,0.0820246114215557,0.831006660909793,0.0869687034854536,"[41.865414, 12.473784]","[19.715, -155.08255]","[48.853396, 2.348638]","[50.279028, -3.899459]","[40.815173, -73.947343]","[38.957456, -76.474269]","[34.056401, -118.247]","[53.531354, -1.981573]","[32.854166, -96.660834]","[42.37181, -71.122012]","[38.258081, -85.749192]","[38.950698, -77.409504]","[34.394936, 132.4682]","[13.041351, 80.23663]","[-33.40846, -70.69551]","[42.249796, -73.786561]","[42.52164, 2.06363]","[33.924987, 8.137607]","[41.405977, -71.457567]","[52.067998, -0.725505]","[41.865414, 12.473784]","[19.715, -155.08255]","[48.853396, 2.348638]","[50.279028, -3.899459]","[40.815173, -73.947343]","[38.957456, -76.474269]","[34.056401, -118.247]","[53.531354, -1.981573]","[32.854166, -96.660834]","[42.37181, -71.122012]","[38.258081, -85.749192]","[38.950698, -77.409504]","[34.394936, 132.4682]","[13.041351, 80.23663]","[-33.40846, -70.69551]","[42.249796, -73.786561]","[42.52164, 2.06363]","[33.924987, 8.137607]","[41.405977, -71.457567]","[52.067998, -0.725505]","['```json\n{""latitude"": 46.8182, ""longitude"": 8.2275}\n```', '```json\n{""latitude"": 46.494851, ""longitude"": 7.773364}\n```', '```json\n{""latitude"": 46.582, ""longitude"": 9.027}\n```', '```json\n{""latitude"": 45.832778, ""longitude"": 6.865000}\n```', '{""latitude"": 46.887562, ""longitude"": 10.159219}', '{""latitude"": 45.8333, ""longitude"": 6.865}', '{""latitude"": 45.832646, ""longitude"": 7.431548}', None, '```json\n{""latitude"": 45.834742, ""longitude"": 6.865200}\n```', '```json\n{""latitude"": 45.945, ""longitude"": 7.165}\n```']"
103442236_09c8d53dbc_37_73293249@N00.jpg,73293249@N00,51.501821,-0.140655,2,11,84,2.8096916501851865e-05,0.0027554163005714,0.997216345340494,"[52.334166, 5.071944]","[39.763158, -84.193725]","[-13.008122, -38.496952]","[29.425081, -98.4928]","[51.499526, -0.100207]","[38.548551, -121.73448]","[-37.756016, 145.060429]","[26.913411, 70.914372]","[43.272225, 10.51243]","[54.583027, -5.954864]","[40.422689, -3.544872]","[-6.165302, 39.201107]","[38.981296, -77.098188]","[56.123956, -3.947618]","[30.563117, -91.160752]","[38.844186, -94.841022]","[59.916698, 10.75]","[51.515452, -0.08215]","[37.754631, -122.429736]","[45.440373, -122.492601]","[52.334166, 5.071944]","[39.763158, -84.193725]","[-13.008122, -38.496952]","[29.425081, -98.4928]","[51.499526, -0.100207]","[38.548551, -121.73448]","[-37.756016, 145.060429]","[26.913411, 70.914372]","[43.272225, 10.51243]","[54.583027, -5.954864]","[40.422689, -3.544872]","[-6.165302, 39.201107]","[38.981296, -77.098188]","[56.123956, -3.947618]","[30.563117, -91.160752]","[38.844186, -94.841022]","[59.916698, 10.75]","[51.515452, -0.08215]","[37.754631, -122.429736]","[45.440373, -122.492601]","['{""latitude"": 51.5081, ""longitude"": -0.0759}', '{""latitude"": 51.5081, ""longitude"": -0.0759}', '{""latitude"": 51.5081, ""longitude"": -0.0759}', '{""latitude"": 51.5081, ""longitude"": -0.0759}', '```json\n{""latitude"": 51.508112,""longitude"": -0.075949}\n```', '```json\n{""latitude"": 51.5081, ""longitude"": -0.0761}\n```', '{""latitude"": 51.5081, ""longitude"": -0.0759}', '{""latitude"": 51.5081, ""longitude"": -0.0759}', '```json\n{""latitude"": 51.5081, ""longitude"": -0.0759}\n```', '{""latitude"": 51.5081, ""longitude"": -0.0759}']"
103457638_224c119b11_30_73293249@N00.jpg,73293249@N00,45.999982,7.298584,1,6,234,0.0002048433949646,0.9043055024326064,0.095489665329417,"[45.774767, 4.829478]","[45.437825, 12.323398]","[43.473196, -80.553195]","[51.450958, -2.598674]","[44.033184, 12.609075]","[37.318327, -121.950988]","[49.144266, -107.913781]","[39.039474, -95.203705]","[37.55751, 127.006057]","[25.516418, 3.21453]","[44.627405, -124.050209]","[35.624516, 139.429688]","[45.043864, -92.850621]","[36.432621, 25.423049]","[32.742408, -117.111205]","[3.088633, 101.681814]","[11.14135, -85.797729]","[49.841691, 8.12956]","[34.679027, -82.841931]","[51.705681, 3.682186]","[45.774767, 4.829478]","[45.437825, 12.323398]","[43.473196, -80.553195]","[51.450958, -2.598674]","[44.033184, 12.609075]","[37.318327, -121.950988]","[49.144266, -107.913781]","[39.039474, -95.203705]","[37.55751, 127.006057]","[25.516418, 3.21453]","[44.627405, -124.050209]","[35.624516, 139.429688]","[45.043864, -92.850621]","[36.432621, 25.423049]","[32.742408, -117.111205]","[3.088633, 101.681814]","[11.14135, -85.797729]","[49.841691, 8.12956]","[34.679027, -82.841931]","[51.705681, 3.682186]","['{""latitude"": 43.6938, ""longitude"": 7.2635}', '{""latitude"": 43.9322, ""longitude"": 4.53883}', '{""latitude"": 43.473196, ""longitude"": -80.553195}', '{""latitude"": 43.473196, ""longitude"": -80.553195}', '{""latitude"": 43.9133, ""longitude"": 77.5936}', '{""latitude"": 43.4732, ""longitude"": -80.5532}', '{""latitude"": 39.192597, ""longitude"": 74.738337}', '{""latitude"": 43.473196, ""longitude"": -80.553195}', '{""latitude"": 43.9375, ""longitude"": 42.745833}', '{""latitude"": 43.5804, ""longitude"": 39.7204}']"
103465274_3e879729e0_33_73293249@N00.jpg,73293249@N00,46.08035,7.209918,2,12,294,0.0050516734091967,0.0694753424051022,0.9254729428576636,"[40.146863, 18.485183]","[20.948935, 101.407928]","[38.548666, -121.739667]","[37.808563, -122.418186]","[-41.164, 174.832333]","[52.908591, 1.313724]","[-35.213803, 138.537355]","[56.523423, -6.798477]","[40.446561, -80.014522]","[39.3489, 2.980041]","[40.169823, 31.910648]","[40.769386, -119.220199]","[18.312975, 97.909211]","[62.990227, 18.534246]","[64.312783, -20.30065]","[51.765673, -1.277482]","[51.062813, 1.074171]","[-24.787513, 25.811862]","[39.97975, -75.065288]","[50.414197, -104.598456]","[40.146863, 18.485183]","[20.948935, 101.407928]","[38.548666, -121.739667]","[37.808563, -122.418186]","[-41.164, 174.832333]","[52.908591, 1.313724]","[-35.213803, 138.537355]","[56.523423, -6.798477]","[40.446561, -80.014522]","[39.3489, 2.980041]","[40.169823, 31.910648]","[40.769386, -119.220199]","[18.312975, 97.909211]","[62.990227, 18.534246]","[64.312783, -20.30065]","[51.765673, -1.277482]","[51.062813, 1.074171]","[-24.787513, 25.811862]","[39.97975, -75.065288]","[50.414197, -104.598456]","['{""latitude"": 45.923697, ""longitude"": 6.869433}', None, '{""latitude"": 45.83236, ""longitude"": 6.86523}', '{""latitude"": 46.813187, ""longitude"": 8.22421}', '```json\n{""latitude"": 45.7912, ""longitude"": 7.1362}\n```', '{""latitude"": 40.146863, ""longitude"": 18.485183}', None, '{""latitude"": 45.9237, ""longitude"": 6.8694}', None, '{""latitude"": 62.990227, ""longitude"": 18.534246}']"
1034783376_9e3db4b81a_1016_70323761@N00.jpg,70323761@N00,40.820751,-73.94892,2,15,77,0.003225387381498,0.0659655842178494,0.930809045210907,"[33.763129, -84.394633]","[25.002141, 121.615025]","[60.32426, 24.96879]","[38.779948, -77.023708]","[31.25224, 121.485131]","[-24.209081, 151.913452]","[34.989661, -96.922534]","[35.560876, 139.651679]","[39.599177, -104.935281]","[40.831995, 14.248409]","[34.13511, -118.300781]","[45.297229, -75.927715]","[38.891383, -77.024095]","[37.771732, -122.450695]","[29.569222, -10.052277]","[42.781574, -87.757844]","[52.492187, -1.120605]","[43.758391, 11.270427]","[42.99405, -88.227049]","[22.27128, 114.149746]","[33.763129, -84.394633]","[25.002141, 121.615025]","[60.32426, 24.96879]","[38.779948, -77.023708]","[31.25224, 121.485131]","[-24.209081, 151.913452]","[34.989661, -96.922534]","[35.560876, 139.651679]","[39.599177, -104.935281]","[40.831995, 14.248409]","[34.13511, -118.300781]","[45.297229, -75.927715]","[38.891383, -77.024095]","[37.771732, -122.450695]","[29.569222, -10.052277]","[42.781574, -87.757844]","[52.492187, -1.120605]","[43.758391, 11.270427]","[42.99405, -88.227049]","[22.27128, 114.149746]","[None, ""I'm sorry, I can't assist with that."", '{""latitude"": 38.891383, ""longitude"": -77.024095}', '{""latitude"": 38.891383, ""longitude"": -77.024095}', '{""latitude"": 38.891383, ""longitude"": -77.024095}', '{""latitude"": 38.891383, ""longitude"": -77.024095}', '{""latitude"": 38.891383, ""longitude"": -77.024095}', '{""latitude"": 38.891383, ""longitude"": -77.024095}', '{""latitude"": 38.891383, ""longitude"": -77.024095}', '{""latitude"": 38.891383, ""longitude"": -77.024095}']"
103558896_55f8059bc9_35_73293249@N00.jpg,73293249@N00,43.642423,-79.387153,2,15,307,4.732878279864114e-06,8.344243990691252e-05,0.9999118898451004,"[44.661571, -110.959854]","[47.798396, -4.373931]","[8.241901, -13.163028]","[35.69371, 139.70245]","[49.231779, -121.755208]","[40.415709, -3.706802]","[30.503045, -81.449444]","[-12.978375, -38.507981]","[36.501115, -4.80566]","[-37.810833, 144.967331]","[22.904403, 121.124181]","[44.728686, 38.479442]","[49.858805, 7.827157]","[51.304672, 6.755764]","[40.744116, -73.989992]","[43.743119, -81.711212]","[43.772875, 11.256018]","[48.853025, 2.349872]","[3.855348, -73.635864]","[32.730649, -117.158954]","[44.661571, -110.959854]","[47.798396, -4.373931]","[8.241901, -13.163028]","[35.69371, 139.70245]","[49.231779, -121.755208]","[40.415709, -3.706802]","[30.503045, -81.449444]","[-12.978375, -38.507981]","[36.501115, -4.80566]","[-37.810833, 144.967331]","[22.904403, 121.124181]","[44.728686, 38.479442]","[49.858805, 7.827157]","[51.304672, 6.755764]","[40.744116, -73.989992]","[43.743119, -81.711212]","[43.772875, 11.256018]","[48.853025, 2.349872]","[3.855348, -73.635864]","[32.730649, -117.158954]","['{""latitude"": 43.65107, ""longitude"": -79.347015}', '{""latitude"": 43.6532, ""longitude"": -79.3832}', '{""latitude"": 43.6532, ""longitude"": -79.3832}', '{""latitude"": 43.653225, ""longitude"": -79.383186}', '{""latitude"": 43.648, ""longitude"": -79.385}', '{""latitude"": 43.65107, ""longitude"": -79.347015}', '{""latitude"": 43.651070, ""longitude"": -79.347015}', '{""latitude"": 43.653226,""longitude"": -79.383184}', '{""latitude"": 43.649007, ""longitude"": -79.383266}', '{""latitude"": 43.6532, ""longitude"": -79.3832}']"
103574519_62331b624f_24_73293249@N00.jpg,73293249@N00,43.642423,-79.387153,2,15,307,0.0004998543084122,0.000465198078162,0.9990348718431594,"[51.73831, 0.462648]","[52.6961, 1.695671]","[29.040813, -81.996931]","[35.676367, 139.699273]","[29.947256, -90.06536]","[43.165106, -88.090224]","[59.953645, 11.044478]","[11.23498, -74.217681]","[43.611564, 3.875899]","[52.501489, -1.114253]","[40.429439, -3.710632]","[51.434831, 6.133257]","[24.175817, 120.716464]","[48.309876, 14.275719]","[59.39714, 17.94509]","[53.013918, -6.158995]","[39.869049, -75.672126]","[49.843351, 8.695077]","[35.237101, -82.729969]","[1.392618, 103.978085]","[51.73831, 0.462648]","[52.6961, 1.695671]","[29.040813, -81.996931]","[35.676367, 139.699273]","[29.947256, -90.06536]","[43.165106, -88.090224]","[59.953645, 11.044478]","[11.23498, -74.217681]","[43.611564, 3.875899]","[52.501489, -1.114253]","[40.429439, -3.710632]","[51.434831, 6.133257]","[24.175817, 120.716464]","[48.309876, 14.275719]","[59.39714, 17.94509]","[53.013918, -6.158995]","[39.869049, -75.672126]","[49.843351, 8.695077]","[35.237101, -82.729969]","[1.392618, 103.978085]","['{""latitude"": 43.65107, ""longitude"": -79.347015}', '{""latitude"": 43.646474, ""longitude"": -79.381687}', '{""latitude"": 43.647084, ""longitude"": -79.377526}', '{""latitude"": 43.65107, ""longitude"": -79.347015}', '{""latitude"": 43.65107,""longitude"": -79.347015}', '{""latitude"": 43.6476, ""longitude"": -79.3819}', '{""latitude"": 43.65107, ""longitude"": -79.347015}', '{""latitude"": 43.645610, ""longitude"": -79.382171}', '{""latitude"": 43.65107, ""longitude"": -79.347015}', '{""latitude"": 43.648431, ""longitude"": -79.384445}']"
103575522_cc6a522170_34_73293249@N00.jpg,73293249@N00,43.642423,-79.387153,2,12,314,0.0637743782377349,0.0064615613592486,0.9297640654987324,"[9.154016, -83.750173]","[51.537502, -0.061056]","[51.511661, -0.116203]","[45.485353, 12.417817]","[51.343266, 12.382503]","[20.623466, -103.241722]","[-43.109505, 147.858123]","[52.507778, 13.375779]","[58.501702, 24.930127]","[42.736169, -6.282119]","[52.6961, 1.695671]","[49.843351, 8.695077]","[41.908018, -91.793421]","[31.370109, 120.966553]","[28.037478, -82.420098]","[29.947256, -90.06536]","[34.994319, 135.785458]","[43.98951, -88.555212]","[37.776335, -122.418051]","[48.859548, 2.348743]","[9.154016, -83.750173]","[51.537502, -0.061056]","[51.511661, -0.116203]","[45.485353, 12.417817]","[51.343266, 12.382503]","[20.623466, -103.241722]","[-43.109505, 147.858123]","[52.507778, 13.375779]","[58.501702, 24.930127]","[42.736169, -6.282119]","[52.6961, 1.695671]","[49.843351, 8.695077]","[41.908018, -91.793421]","[31.370109, 120.966553]","[28.037478, -82.420098]","[29.947256, -90.06536]","[34.994319, 135.785458]","[43.98951, -88.555212]","[37.776335, -122.418051]","[48.859548, 2.348743]","['{""latitude"": 43.6426, ""longitude"": -79.3871}', '```json\n{""latitude"": 43.6426, ""longitude"": -79.3871}\n```', '{""latitude"": 43.6426, ""longitude"": -79.3871}', '{""latitude"": 43.642566, ""longitude"": -79.387057}', '{""latitude"": 43.6426, ""longitude"": -79.3871}', '{""latitude"": 43.6426, ""longitude"": -79.3871}', '{""latitude"": 43.642566, ""longitude"": -79.387057}', '{""latitude"": 43.6426, ""longitude"": -79.3871}', '{""latitude"": 43.6426, ""longitude"": -79.3871}', '{""latitude"": 43.6426, ""longitude"": -79.3871}']"
103577701_b68e15492e_32_73293249@N00.jpg,73293249@N00,43.085294,-79.079509,2,10,171,0.0295091659931685,0.1057755970604148,0.8647152329295196,"[42.671392, 11.559505]","[43.387584, 16.486358]","[53.655861, 9.964472]","[41.596, 2.541333]","[38.875457, -77.088028]","[38.888122, -77.013055]","[43.085366, -89.361682]","[56.035489, -3.49451]","[55.23284, 14.879093]","[55.675533, 12.583872]","[42.369945, -71.104502]","[48.636184, -1.51165]","[46.600013, -111.984992]","[-33.878759, 151.20029]","[54.312911, 8.594313]","[54.890327, 23.914533]","[39.855666, -4.028077]","[-33.211888, 151.535689]","[41.905891, 12.482453]","[47.413981, 9.251164]","[42.671392, 11.559505]","[43.387584, 16.486358]","[53.655861, 9.964472]","[41.596, 2.541333]","[38.875457, -77.088028]","[38.888122, -77.013055]","[43.085366, -89.361682]","[56.035489, -3.49451]","[55.23284, 14.879093]","[55.675533, 12.583872]","[42.369945, -71.104502]","[48.636184, -1.51165]","[46.600013, -111.984992]","[-33.878759, 151.20029]","[54.312911, 8.594313]","[54.890327, 23.914533]","[39.855666, -4.028077]","[-33.211888, 151.535689]","[41.905891, 12.482453]","[47.413981, 9.251164]","['{""latitude"": 43.0896, ""longitude"": -79.0849}', '{""latitude"": 43.0831, ""longitude"": -79.0663}', '{\n  ""latitude"": 43.0896,\n  ""longitude"": -79.0849\n}', '{""latitude"": 43.083, ""longitude"": -79.071}', '{""latitude"": 43.082816,""longitude"": -79.074163}', '{""latitude"": 43.0896, ""longitude"": -79.0849}', '{""latitude"": 43.0902, ""longitude"": -79.0715}', '{""latitude"": 43.0896, ""longitude"": -79.0849}', '{""latitude"": 43.085366, ""longitude"": -89.361682}', '{""latitude"": 43.0831, ""longitude"": -79.0739}']"
103726410_49bcd2e470_33_73293249@N00.jpg,73293249@N00,40.711492,-74.01206,2,12,316,0.2317186298473643,0.0327120087096801,0.7355693548742721,"[39.688505, -77.04949]","[37.335313, -121.867936]","[56.05678, 37.845261]","[-23.767289, -46.288683]","[39.438496, -76.899726]","[49.271682, -123.065671]","[55.822321, 37.387182]","[-34.570038, -58.411538]","[46.035422, 8.965229]","[43.598415, -83.877716]","[40.290427, -76.659078]","[52.629396, -2.451109]","[-33.413644, -70.648334]","[1.396833, 103.887666]","[37.794599, -122.269785]","[51.546641, -0.098866]","[36.989802, -121.925067]","[54.969811, -1.599186]","[38.613333, -90.314833]","[47.203126, -122.536354]","[39.688505, -77.04949]","[37.335313, -121.867936]","[56.05678, 37.845261]","[-23.767289, -46.288683]","[39.438496, -76.899726]","[49.271682, -123.065671]","[55.822321, 37.387182]","[-34.570038, -58.411538]","[46.035422, 8.965229]","[43.598415, -83.877716]","[40.290427, -76.659078]","[52.629396, -2.451109]","[-33.413644, -70.648334]","[1.396833, 103.887666]","[37.794599, -122.269785]","[51.546641, -0.098866]","[36.989802, -121.925067]","[54.969811, -1.599186]","[38.613333, -90.314833]","[47.203126, -122.536354]","['{""latitude"": 40.7580, ""longitude"": -73.9855}', '{""latitude"": 40.7580, ""longitude"": -73.9855}', '```json\n{""latitude"": 40.7580, ""longitude"": -73.9855}\n```', '{""latitude"": 40.758, ""longitude"": -73.9855}', '```json\n{""latitude"": 40.7580, ""longitude"": -73.9855}\n```', None, '```json\n{""latitude"": 40.758, ""longitude"": -73.9855}\n```', '{""latitude"": 40.7580, ""longitude"": -73.9855}', '{""latitude"": 40.758, ""longitude"": -73.985}', '```json\n{""latitude"": 40.7580, ""longitude"": -73.9855}\n```']"
1038069722_cab11140a5_1378_75452460@N00.jpg,75452460@N00,48.214093,16.935553,2,11,252,0.0018469149886755,0.0068876575334115,0.9912653801991952,"[44.703458, 10.630044]","[45.522726, -122.670697]","[50.766865, 0.289077]","[38.70224, -9.165515]","[-40.863679, 174.111328]","[43.77958, 11.238369]","[40.40615, -3.699973]","[59.728001, 17.798967]","[42.537429, 12.619771]","[45.77782, 126.563529]","[43.073772, -89.385017]","[36.90558, 25.97876]","[38.503042, 15.216064]","[42.350524, 2.163974]","[32.737129, -117.150306]","[39.049449, -108.63652]","[40.71455, -74.007118]","[49.8858, -97.132208]","[37.750018, -107.685241]","[45.752519, 21.224308]","[44.703458, 10.630044]","[45.522726, -122.670697]","[50.766865, 0.289077]","[38.70224, -9.165515]","[-40.863679, 174.111328]","[43.77958, 11.238369]","[40.40615, -3.699973]","[59.728001, 17.798967]","[42.537429, 12.619771]","[45.77782, 126.563529]","[43.073772, -89.385017]","[36.90558, 25.97876]","[38.503042, 15.216064]","[42.350524, 2.163974]","[32.737129, -117.150306]","[39.049449, -108.63652]","[40.71455, -74.007118]","[49.8858, -97.132208]","[37.750018, -107.685241]","[45.752519, 21.224308]","[None, None, '{""latitude"": 48.206180, ""longitude"": 16.347678}', '{""latitude"": 48.250376, ""longitude"": 16.323124}', '```json\n{""latitude"": 48.216046,""longitude"": 16.351382}\n```', '{""latitude"": 48.211241, ""longitude"": 16.382152}', None, '```json\n{""latitude"": 48.199456, ""longitude"": 16.366778}\n```', None, None]"
103908913_8ef41889e3_36_11114422@N00.jpg,11114422@N00,51.195697,-2.27992,2,14,201,0.0064192889950369,0.3592531149958944,0.6343275301303848,"[39.983614, 116.304552]","[33.805931, -117.918094]","[40.704606, -73.932988]","[26.426731, -82.062034]","[36.871089, -95.095982]","[45.527516, 25.352325]","[-26.091244, 28.337345]","[38.976809, -120.101466]","[-33.879581, 151.210425]","[44.055626, -1.232163]","[30.902224, 27.421875]","[41.465924, -82.194557]","[36.464505, 25.376787]","[18.365604, 73.75534]","[40.730608, -82.946777]","[-13.002958, -38.458414]","[33.785345, -84.423894]","[54.956772, 37.463035]","[53.542628, 9.932295]","[25.666284, 32.620553]","[39.983614, 116.304552]","[33.805931, -117.918094]","[40.704606, -73.932988]","[26.426731, -82.062034]","[36.871089, -95.095982]","[45.527516, 25.352325]","[-26.091244, 28.337345]","[38.976809, -120.101466]","[-33.879581, 151.210425]","[44.055626, -1.232163]","[30.902224, 27.421875]","[41.465924, -82.194557]","[36.464505, 25.376787]","[18.365604, 73.75534]","[40.730608, -82.946777]","[-13.002958, -38.458414]","[33.785345, -84.423894]","[54.956772, 37.463035]","[53.542628, 9.932295]","[25.666284, 32.620553]","['{""latitude"": 51.7767, ""longitude"": -1.2062}', '{""latitude"": 51.7917, ""longitude"": -1.2677}', '{""latitude"": -26.091244, ""longitude"": 28.337345}', '{""latitude"": -26.091244, ""longitude"": 28.337345}', '{""latitude"": -2.3333, ""longitude"": 34.8333}', '```json\n{""latitude"": 51.509865, ""longitude"": -0.118092}\n```', '```json\n{""latitude"": -33.879581, ""longitude"": 151.210425}\n```', '```json\n{""latitude"": -1.957875,""longitude"": 30.112735}\n```', None, '{""latitude"": -1.2921, ""longitude"": 36.8219}']"
103910409_51606239db_42_11114422@N00.jpg,11114422@N00,51.195697,-2.27992,2,14,201,0.1575991051876184,0.1342073414220408,0.7081936124445463,"[52.627666, 1.298166]","[43.772822, 11.255611]","[48.141721, 11.582014]","[52.258941, 10.543988]","[48.873233, 2.359643]","[-42.85319, 147.301104]","[51.806969, 9.377946]","[37.332, -121.888999]","[-33.517211, 120.081424]","[41.382862, 2.166752]","[53.343442, -1.984448]","[-30.04116, -51.220149]","[44.456176, 10.774841]","[26.986015, 75.850393]","[18.70739, -68.44551]","[52.006301, 5.465103]","[37.331402, -121.889995]","[60.413852, 6.218261]","[23.216895, 121.294898]","[38.257112, -85.761852]","[52.627666, 1.298166]","[43.772822, 11.255611]","[48.141721, 11.582014]","[52.258941, 10.543988]","[48.873233, 2.359643]","[-42.85319, 147.301104]","[51.806969, 9.377946]","[37.332, -121.888999]","[-33.517211, 120.081424]","[41.382862, 2.166752]","[53.343442, -1.984448]","[-30.04116, -51.220149]","[44.456176, 10.774841]","[26.986015, 75.850393]","[18.70739, -68.44551]","[52.006301, 5.465103]","[37.331402, -121.889995]","[60.413852, 6.218261]","[23.216895, 121.294898]","[38.257112, -85.761852]","['{""latitude"": 26.985918, ""longitude"": 75.851330}', '{""latitude"": 26.986015, ""longitude"": 75.850393}', None, '{""latitude"": 26.986015,""longitude"": 75.850393}', '{""latitude"": 26.912434, ""longitude"": 75.787271}', '{""latitude"": 26.849863, ""longitude"": 75.915638}', '{""latitude"": 26.986015, ""longitude"": 75.850393}', '{""latitude"": 26.986015, ""longitude"": 75.850393}', None, '{""latitude"": 26.9124, ""longitude"": 75.7873}']"
104122769_f122c548dc_40_19355699@N00.jpg,19355699@N00,-16.663606,145.563537,1,8,279,0.1501921757363788,0.6401359734151129,0.2096719350288083,"[59.938848, 30.302352]","[29.532653, -98.280086]","[25.095916, 121.528494]","[51.50632, -0.12714]","[51.461539, -0.13583]","[34.150294, -84.717786]","[51.510159, -0.202178]","[-28.270953, 31.874084]","[54.409689, -1.758327]","[43.652922, -79.380406]","[30.267611, -97.740876]","[5.359075, 117.955226]","[52.933167, 1.297333]","[42.628433, -70.943012]","[39.147833, -84.886833]","[46.698788, 8.729324]","[51.534666, -0.2405]","[36.015834, -114.736897]","[52.52549, 13.401603]","[34.68284, 135.543909]","[59.938848, 30.302352]","[29.532653, -98.280086]","[25.095916, 121.528494]","[51.50632, -0.12714]","[51.461539, -0.13583]","[34.150294, -84.717786]","[51.510159, -0.202178]","[-28.270953, 31.874084]","[54.409689, -1.758327]","[43.652922, -79.380406]","[30.267611, -97.740876]","[5.359075, 117.955226]","[52.933167, 1.297333]","[42.628433, -70.943012]","[39.147833, -84.886833]","[46.698788, 8.729324]","[51.534666, -0.2405]","[36.015834, -114.736897]","[52.52549, 13.401603]","[34.68284, 135.543909]","['{""latitude"": -25.2744, ""longitude"": 133.7751}', '{""latitude"": -28.016666, ""longitude"": 153.399994}', '{""latitude"": -33.8688, ""longitude"": 151.2093}', '{""latitude"": -25.2744, ""longitude"": 133.7751}', '```json\n{""latitude"": -33.865143,""longitude"": 151.2099}\n```', '{""latitude"": -33.868820, ""longitude"": 151.209296}', '{""latitude"": -33.8688, ""longitude"": 151.2093}', '{""latitude"": -33.8688, ""longitude"": 151.2093}', '{""latitude"": -33.8688, ""longitude"": 151.2093}', '{""latitude"": -33.8688, ""longitude"": 151.2093}']"
1041241079_904c456418_1430_7132415@N03.jpg,7132415@N03,-1.382083,-78.432769,0,5,61,0.9147048476997384,0.0019786858141799,0.0833164657362743,"[45.722959, 6.299457]","[41.479261, -71.335371]","[47.481857, -120.803368]","[51.758758, -3.59435]","[40.278035, -7.509884]","[40.710499, -73.968088]","[38.841796, -7.592362]","[50.655174, 17.927649]","[54.441946, 18.57479]","[43.774068, 11.25]","[38.410839, -122.840457]","[35.661829, 139.73176]","[60.387769, 25.663354]","[40.740666, -73.992167]","[0.219726, -78.662109]","[38.788313, -77.078706]","[37.986168, -1.121549]","[50.797275, 6.109471]","[32.784965, -96.801223]","[-35.254415, 139.455471]","[45.722959, 6.299457]","[41.479261, -71.335371]","[47.481857, -120.803368]","[51.758758, -3.59435]","[40.278035, -7.509884]","[40.710499, -73.968088]","[38.841796, -7.592362]","[50.655174, 17.927649]","[54.441946, 18.57479]","[43.774068, 11.25]","[38.410839, -122.840457]","[35.661829, 139.73176]","[60.387769, 25.663354]","[40.740666, -73.992167]","[0.219726, -78.662109]","[38.788313, -77.078706]","[37.986168, -1.121549]","[50.797275, 6.109471]","[32.784965, -96.801223]","[-35.254415, 139.455471]","['{""latitude"": 40.416775, ""longitude"": -3.703790}', '{""latitude"": 40.278035, ""longitude"": -7.509884}', '{""latitude"": 40.416775, ""longitude"": -3.703790}', '{""latitude"": 40.416775, ""longitude"": -3.703790}', '```json\n{""latitude"":40.278035,""longitude"":-7.509884}\n```', '```json\n{""latitude"": 40.416775,""longitude"": -3.703790}\n```', '{""latitude"": 40.416775, ""longitude"": -3.703790}', '```json\n{""latitude"": 40.4168, ""longitude"": -3.7038}\n```', '{""latitude"": 40.416775, ""longitude"": -3.703790}', '{""latitude"": 40.416775,""longitude"": -3.703790}']"
104132709_97b998c989_41_19355699@N00.jpg,19355699@N00,-33.861328,151.209039,2,12,273,0.0006793025029674,0.0304216946003403,0.9688990725317675,"[50.086997, 14.420772]","[41.873395, -87.617189]","[41.049348, -85.158483]","[9.640946, -68.56636]","[27.245167, 33.845787]","[22.29913, 114.171122]","[57.587053, 9.979941]","[35.78036, -5.804729]","[48.824701, 7.40487]","[-22.968137, -43.226909]","[53.546338, -113.514143]","[36.86521, 14.756033]","[-8.517915, 115.259705]","[40.047329, -75.193894]","[48.861044, 2.39386]","[37.553729, 15.099377]","[51.550622, -1.775089]","[37.00077, -122.062911]","[37.177287, -3.589868]","[38.79668, -9.386389]","[50.086997, 14.420772]","[41.873395, -87.617189]","[41.049348, -85.158483]","[9.640946, -68.56636]","[27.245167, 33.845787]","[22.29913, 114.171122]","[57.587053, 9.979941]","[35.78036, -5.804729]","[48.824701, 7.40487]","[-22.968137, -43.226909]","[53.546338, -113.514143]","[36.86521, 14.756033]","[-8.517915, 115.259705]","[40.047329, -75.193894]","[48.861044, 2.39386]","[37.553729, 15.099377]","[51.550622, -1.775089]","[37.00077, -122.062911]","[37.177287, -3.589868]","[38.79668, -9.386389]","['{""latitude"": -33.8568, ""longitude"": 151.2153}', '```json\n{""latitude"": -33.8567844, ""longitude"": 151.2152967}\n```', '{""latitude"": -33.856784, ""longitude"": 151.215297}', '{""latitude"": -33.8568, ""longitude"": 151.2153}', '{""latitude"": -33.8568, ""longitude"": 151.2153}', '{""latitude"": -33.8568, ""longitude"": 151.2153}', '{""latitude"": -33.8568, ""longitude"": 151.2153}', '{""latitude"": -33.856784, ""longitude"": 151.215297}', '{""latitude"": -33.8568, ""longitude"": 151.2153}', '{""latitude"": -33.8568, ""longitude"": 151.2153}']"
104133298_2619fc0eae_39_19355699@N00.jpg,19355699@N00,-33.861328,151.209039,2,11,242,0.0071494295027036,0.0246408119974148,0.9682098147142142,"[47.523486, 19.061066]","[53.426533, -6.239789]","[51.381531, -2.359136]","[18.883284, -98.985936]","[37.00077, -122.062911]","[48.183142, 16.308174]","[35.78036, -5.804729]","[49.281258, -123.120131]","[44.502807, 11.344842]","[36.86521, 14.756033]","[51.184346, -0.768785]","[36.16221, -86.784782]","[41.873395, -87.617189]","[11.561771, 104.91703]","[44.462593, 11.380419]","[27.245167, 33.845787]","[41.821206, -71.415402]","[-19.903474, -44.105644]","[39.218057, -78.36698]","[42.236929, 1.660158]","[47.523486, 19.061066]","[53.426533, -6.239789]","[51.381531, -2.359136]","[18.883284, -98.985936]","[37.00077, -122.062911]","[48.183142, 16.308174]","[35.78036, -5.804729]","[49.281258, -123.120131]","[44.502807, 11.344842]","[36.86521, 14.756033]","[51.184346, -0.768785]","[36.16221, -86.784782]","[41.873395, -87.617189]","[11.561771, 104.91703]","[44.462593, 11.380419]","[27.245167, 33.845787]","[41.821206, -71.415402]","[-19.903474, -44.105644]","[39.218057, -78.36698]","[42.236929, 1.660158]","['{""latitude"": -33.8568, ""longitude"": 151.2153}', '{""latitude"": -33.8568, ""longitude"": 151.2153}', '{""latitude"": -33.8567844, ""longitude"": 151.2152967}', '{""latitude"": -33.8568, ""longitude"": 151.2153}', '{""latitude"": -33.8568, ""longitude"": 151.2153}', '{""latitude"": -33.8568, ""longitude"": 151.2153}', '```json\n{""latitude"": -33.8567844, ""longitude"": 151.213108}\n```', '```json\n{""latitude"": -33.8568, ""longitude"": 151.2153}\n```', '{""latitude"": -33.8567799, ""longitude"": 151.2153007}', '{""latitude"": -33.8568, ""longitude"": 151.2153}']"
1041333001_9b8e3dc4f1_1284_7132415@N03.jpg,7132415@N03,-0.967437,-77.763977,1,8,279,0.0132697875865943,0.9542540874059569,0.0324760541949444,"[51.766963, 14.322223]","[47.830666, -122.318]","[42.383262, -71.230995]","[52.614644, 13.468594]","[38.889546, -77.039169]","[33.321456, -111.729637]","[52.624597, -4.002885]","[-38.030109, -57.538833]","[34.457583, -114.275417]","[30.702065, 111.279916]","[30.247144, -97.750387]","[55.753974, -4.224028]","[51.142799, -2.72423]","[43.407884, 5.893435]","[41.525423, 2.275189]","[32.697394, -79.961371]","[23.647694, 119.632444]","[51.497282, -0.172498]","[44.955101, -93.279624]","[37.334186, -121.8825]","[51.766963, 14.322223]","[47.830666, -122.318]","[42.383262, -71.230995]","[52.614644, 13.468594]","[38.889546, -77.039169]","[33.321456, -111.729637]","[52.624597, -4.002885]","[-38.030109, -57.538833]","[34.457583, -114.275417]","[30.702065, 111.279916]","[30.247144, -97.750387]","[55.753974, -4.224028]","[51.142799, -2.72423]","[43.407884, 5.893435]","[41.525423, 2.275189]","[32.697394, -79.961371]","[23.647694, 119.632444]","[51.497282, -0.172498]","[44.955101, -93.279624]","[37.334186, -121.8825]","['{""latitude"": -3.4653, ""longitude"": -62.2159}', '{""latitude"": -3.4653, ""longitude"": -62.2159}', '{""latitude"": -3.4653, ""longitude"": -62.2159}', '{""latitude"": -3.465305, ""longitude"": -62.215878}', '{""latitude"": -3.465305, ""longitude"": -62.215881}', None, '{""latitude"": -3.465305,""longitude"": -62.215881}', '{""latitude"": -15.911, ""longitude"": -56.386}', '{""latitude"": -3.465305, ""longitude"": -62.215881}', '{""latitude"": -3.4653, ""longitude"": -62.2159}']"
104134249_80c92294db_19_19355699@N00.jpg,19355699@N00,-33.861328,151.209039,2,10,66,0.0003826378782036,0.0805042477630593,0.9191131473386064,"[48.861404, 2.334358]","[50.153842, 7.713768]","[40.731697, -73.989551]","[46.522338, 6.630957]","[43.687999, -79.394473]","[39.419013, -78.259509]","[48.775876, -121.812629]","[38.477597, 22.450904]","[37.789734, -122.390066]","[42.378582, -71.12346]","[51.530185, -0.004892]","[48.861044, 2.39386]","[41.166294, -122.323412]","[43.312079, -81.754353]","[43.64507, -79.413943]","[-33.996616, 150.874252]","[41.829758, -71.388169]","[9.646869, -68.587646]","[52.913094, -1.234545]","[37.871749, 32.505165]","[48.861404, 2.334358]","[50.153842, 7.713768]","[40.731697, -73.989551]","[46.522338, 6.630957]","[43.687999, -79.394473]","[39.419013, -78.259509]","[48.775876, -121.812629]","[38.477597, 22.450904]","[37.789734, -122.390066]","[42.378582, -71.12346]","[51.530185, -0.004892]","[48.861044, 2.39386]","[41.166294, -122.323412]","[43.312079, -81.754353]","[43.64507, -79.413943]","[-33.996616, 150.874252]","[41.829758, -71.388169]","[9.646869, -68.587646]","[52.913094, -1.234545]","[37.871749, 32.505165]","['{""latitude"": -33.852306, ""longitude"": 151.210787}', '```json\n{""latitude"": -33.8523, ""longitude"": 151.2108}\n```', '{""latitude"": -33.852306, ""longitude"": 151.210787}', '{""latitude"": -33.8523, ""longitude"": 151.2108}', '{""latitude"": -33.852306, ""longitude"": 151.210787}', '{""latitude"": -33.852306, ""longitude"": 151.210787}', '{""latitude"": -33.852306,""longitude"": 151.210787}', '{""latitude"": -33.852306, ""longitude"": 151.210787}', '{""latitude"": -33.852306,""longitude"": 151.210787}', '{""latitude"": -33.852306, ""longitude"": 151.210787}']"
104134428_244b67a2d9_38_19355699@N00.jpg,19355699@N00,-33.861328,151.209039,2,13,103,0.0003988300688756,0.0021046347242439,0.9974965197619592,"[34.112444, -118.91962]","[40.742217, -81.881232]","[34.154817, -118.307347]","[52.2486, 21.014013]","[50.924915, -0.184278]","[47.595293, -122.331733]","[10.566797, -61.448593]","[50.862277, -1.572396]","[51.5825, 4.981667]","[37.791333, -122.4235]","[41.891543, 12.500038]","[36.071572, -79.792692]","[21.396659, -157.738952]","[45.708097, 11.480712]","[26.912656, 70.914022]","[43.564078, -79.673184]","[43.487521, -70.385155]","[51.550017, -0.169258]","[43.470113, -3.763332]","[38.797393, -9.390971]","[34.112444, -118.91962]","[40.742217, -81.881232]","[34.154817, -118.307347]","[52.2486, 21.014013]","[50.924915, -0.184278]","[47.595293, -122.331733]","[10.566797, -61.448593]","[50.862277, -1.572396]","[51.5825, 4.981667]","[37.791333, -122.4235]","[41.891543, 12.500038]","[36.071572, -79.792692]","[21.396659, -157.738952]","[45.708097, 11.480712]","[26.912656, 70.914022]","[43.564078, -79.673184]","[43.487521, -70.385155]","[51.550017, -0.169258]","[43.470113, -3.763332]","[38.797393, -9.390971]","['```json\n{""latitude"": -33.870846,""longitude"": 151.209296}\n```', '{""latitude"": -33.872806, ""longitude"": 151.209303}', None, '{""latitude"": -33.8688, ""longitude"": 151.2093}', '{""latitude"": -33.870846, ""longitude"": 151.206567}', '```json\n{""latitude"": -33.8688, ""longitude"": 151.2093}\n```', None, '```json\n{""latitude"": -33.870451,""longitude"": 151.20689}\n```', None, '```json\n{""latitude"": -33.8688,""longitude"": 151.2093}\n```']"
104134591_85c54effac_41_19355699@N00.jpg,19355699@N00,-33.861328,151.209039,2,15,307,0.0002058314594819,0.0004813123193763,0.9993128690721136,"[10.566797, -61.448593]","[21.396659, -157.738952]","[34.154817, -118.307347]","[47.595293, -122.331733]","[52.2486, 21.014013]","[35.672798, 139.767149]","[43.564078, -79.673184]","[50.862277, -1.572396]","[37.791333, -122.4235]","[47.409888, 8.522656]","[40.742217, -81.881232]","[10.782286, 106.694072]","[43.279267, 5.396347]","[50.924915, -0.184278]","[46.259666, -74.501917]","[48.208174, 16.373818]","[49.845731, -99.969041]","[-41.124107, 174.946117]","[43.470113, -3.763332]","[50.112041, 8.68342]","[10.566797, -61.448593]","[21.396659, -157.738952]","[34.154817, -118.307347]","[47.595293, -122.331733]","[52.2486, 21.014013]","[35.672798, 139.767149]","[43.564078, -79.673184]","[50.862277, -1.572396]","[37.791333, -122.4235]","[47.409888, 8.522656]","[40.742217, -81.881232]","[10.782286, 106.694072]","[43.279267, 5.396347]","[50.924915, -0.184278]","[46.259666, -74.501917]","[48.208174, 16.373818]","[49.845731, -99.969041]","[-41.124107, 174.946117]","[43.470113, -3.763332]","[50.112041, 8.68342]","['{""latitude"": -33.869844,""longitude"": 151.209296}', '```json\n{""latitude"": -33.870847,""longitude"": 151.206486}\n```', '{""latitude"": -33.870451,""longitude"": 151.2068896}', '{""latitude"": -33.8688, ""longitude"": 151.2093}', '{""latitude"": -33.8704517, ""longitude"": 151.2087324}', '{""latitude"": -33.870451, ""longitude"": 151.207323}', '```json\n{""latitude"": -33.870451,""longitude"": 151.208763}\n```', '{""latitude"": -33.870847, ""longitude"": 151.207322}', '{""latitude"": -33.870453, ""longitude"": 151.208755}', '{""latitude"": -33.870846, ""longitude"": 151.206756}']"
104138228_eac9608bce_34_19355699@N00.jpg,19355699@N00,-36.843876,174.7654,1,6,187,0.0011485565994231,0.9270810566873208,0.0717703523211241,"[44.663288, -63.609402]","[32.62087, 102.150878]","[38.749799, -9.162597]","[48.422736, -123.369534]","[-21.070724, 55.513229]","[63.213829, -151.226806]","[51.560684, -0.398726]","[37.707403, -85.597078]","[51.420968, -0.350532]","[44.626228, 10.279229]","[53.749395, 14.059281]","[37.830658, -122.481209]","[51.505837, -0.11689]","[36.974685, -122.025544]","[51.537788, -0.144931]","[31.658276, -5.840992]","[42.08197, 9.06227]","[42.345833, -71.082334]","[48.423839, -123.365547]","[42.377777, -71.091389]","[44.663288, -63.609402]","[32.62087, 102.150878]","[38.749799, -9.162597]","[48.422736, -123.369534]","[-21.070724, 55.513229]","[63.213829, -151.226806]","[51.560684, -0.398726]","[37.707403, -85.597078]","[51.420968, -0.350532]","[44.626228, 10.279229]","[53.749395, 14.059281]","[37.830658, -122.481209]","[51.505837, -0.11689]","[36.974685, -122.025544]","[51.537788, -0.144931]","[31.658276, -5.840992]","[42.08197, 9.06227]","[42.345833, -71.082334]","[48.423839, -123.365547]","[42.377777, -71.091389]","['{""latitude"": 51.537788, ""longitude"": -0.144931}', '```json\n{""latitude"": -31.9505, ""longitude"": 115.8605}\n```', None, '```json\n{""latitude"": 51.50453,""longitude"": -0.076132}\n```', '{""latitude"": 53.749395, ""longitude"": 14.059281}', '```json\n{""latitude"": 51.5074, ""longitude"": -0.1278}\n```', '{""latitude"": 51.505837, ""longitude"": -0.11689}', None, '{""latitude"": -9.479673, ""longitude"": 147.150427}', '{""latitude"": 51.505837, ""longitude"": -0.11689}']"
104146945_2722f724b3_19_14542551@N00.jpg,14542551@N00,47.913695,106.833114,2,10,257,0.0013823416149207,0.0213950089663743,0.977222667124554,"[-31.899977, -71.490515]","[-41.134257, -71.57936]","[48.423323, -123.467391]","[42.063862, -80.088272]","[53.545611, 10.021591]","[41.211608, -96.08436]","[37.435654, -122.055337]","[51.343216, 4.314343]","[51.190883, 0.273747]","[51.260948, 6.742086]","[-3.247723, 35.518712]","[38.568032, -7.909984]","[35.003565, 135.764751]","[37.182202, -3.617248]","[45.566722, 5.920901]","[44.460975, -110.830687]","[40.583722, -74.614602]","[51.473671, -0.036381]","[52.366114, 4.896587]","[39.291839, -76.63829]","[-31.899977, -71.490515]","[-41.134257, -71.57936]","[48.423323, -123.467391]","[42.063862, -80.088272]","[53.545611, 10.021591]","[41.211608, -96.08436]","[37.435654, -122.055337]","[51.343216, 4.314343]","[51.190883, 0.273747]","[51.260948, 6.742086]","[-3.247723, 35.518712]","[38.568032, -7.909984]","[35.003565, 135.764751]","[37.182202, -3.617248]","[45.566722, 5.920901]","[44.460975, -110.830687]","[40.583722, -74.614602]","[51.473671, -0.036381]","[52.366114, 4.896587]","[39.291839, -76.63829]","['{""latitude"": 48.423323, ""longitude"": -123.467391}', ""I'm sorry, I can't determine the location from this image."", None, None, '{""latitude"": 45.566722, ""longitude"": 5.920901}', '{""latitude"": 51.260948, ""longitude"": 6.742086}', '```json\n{""latitude"": 52.522264,""longitude"": 13.389961}\n```', '{""latitude"": 45.6201, ""longitude"": 63.4567}', '{""latitude"": 43.2511, ""longitude"": 76.8832}', ""I'm unable to determine the location from this image.""]"
1044041591_512737f6a3_1182_9729483@N02.jpg,9729483@N02,39.948972,-75.150008,0,5,196,0.9763699048670218,0.0001929513117593,0.0234371840795497,"[42.231504, 1.567268]","[-33.579101, 151.30905]","[44.364973, 15.183105]","[43.992883, -102.241494]","[49.223188, 2.415225]","[49.977997, 6.636772]","[44.145353, 9.653549]","[42.228708, -88.527832]","[34.986636, 135.760808]","[37.7853, -122.415032]","[40.756847, -73.982234]","[23.134618, -82.370123]","[63.367254, 9.700155]","[33.074857, -112.179851]","[41.522459, -74.238052]","[28.730334, 118.777999]","[41.570745, -87.462553]","[37.621561, -105.555881]","[64.1497, -21.939868]","[41.901478, 12.537288]","[42.231504, 1.567268]","[-33.579101, 151.30905]","[44.364973, 15.183105]","[43.992883, -102.241494]","[49.223188, 2.415225]","[49.977997, 6.636772]","[44.145353, 9.653549]","[42.228708, -88.527832]","[34.986636, 135.760808]","[37.7853, -122.415032]","[40.756847, -73.982234]","[23.134618, -82.370123]","[63.367254, 9.700155]","[33.074857, -112.179851]","[41.522459, -74.238052]","[28.730334, 118.777999]","[41.570745, -87.462553]","[37.621561, -105.555881]","[64.1497, -21.939868]","[41.901478, 12.537288]","['{""latitude"": 39.949592,""longitude"": -75.150282}', '{""latitude"": 39.948889, ""longitude"": -75.150278}', '{""latitude"": 39.9489, ""longitude"": -75.1501}', '```json\n{""latitude"": 39.9489, ""longitude"": -75.1500}\n```', '{""latitude"": 39.9489, ""longitude"": -75.1500}', '{""latitude"": 39.9489, ""longitude"": -75.1491}', '{""latitude"": 39.9479, ""longitude"": -75.1502}', '{""latitude"": 39.9489, ""longitude"": -75.1505}', '{""latitude"": 39.948998, ""longitude"": -75.149201}', '{""latitude"": 39.949476, ""longitude"": -75.150956}']"
